name,parent
Hongong Kong,
Двойная,Чайна инжиниринг лимитед
Чайна инжиниринг лимитед,Чайна ингиниринг лимитед
Худо,Чайна инжиниринг лимитед
China Construction Corp.,
Льюис,Синьхуа
Синьхуа,НИТА)Новая энергетика
Джутенхуа,Чайна инжиниринг лимитед
Xiaomi Environmental Building Ltd,
Джютенхуа,Чайна инжиниринг лимитед
Ли,Чайна инжиниринг лимитед
Выпускник: Муниципальный институт инженерного проектирования в Тяньцзине,
Rязань,Чайна инжиниринг лимитед
Чайна Инжиниринг Лимитед,
Шоу,Чайна Инжиниринг Лимитед
Китайская ядерная промышленность,
Чжан,Синьхуа
ABB,
Ван Ши Мин,Чайна инжиниринг лимитед
"Консалтинговая фирма ""Хоккайо консалтинг""",
Ляомин,Чайна инжиниринг лимитед
Производитель,
Чайна энтропия,
"Внутренний монгольский консорциум ""Инжиниринг лимитед"" и ""Инжиниринг электроснабжения внутренней Монголии""",
Тишина,Внутренняя Монголия
Внутренняя Монголия,
Чжоу,Чайна инжиниринг лимитед
Сычуаньская овчарка,
Лю По,Китайская академия ядерных исследований
Китайская академия ядерных исследований,
Лю Бо,Чайна инжиниринг лимитед
Jiang Kong Kong,
Лианг Фаньюань,China New Energy Watch Ltd.
China New Energy Watch Ltd.,
Smart Energy Group,
Рязанский круг,Чайна Хиросима
Чайна Хиросима,айна Хиросим
Консорциум: Шанхайская электрическая атомная электроэнергетическая корпорация и Шанхайская корпорация электротехнического оборудования,
Джокингуи,Чайна инжиниринг лимитед
"Китай: Северо-Западный институт топографического дизайна, Китайская электрическая группа",
Ван И,Инжиниринг Ветер энтерпрайз
Инжиниринг Ветер энтерпрайз,
Пенсильван,Чайна инжиниринг лимитед
Китайское северо-западное институт топографического дизайна и китайская электрическая группа,
Китайский совет по электроинженерии,
Китайское агентство строительства II,
Чжан Цзинь,Чайна инжиниринг лимитед
Чайна инжиниринг 4,
Чайна ингиниринг лимитед,
Тайшань,
China and China New Energy Entertainment,
Синьцзян,компания Синьцзян
Китайская электростроительная группа China Southern Research Institute,
"Северо-Западный институт топографического дизайна, Китайская электрическая группа",
Beijing Huawei and An Monitor Technology,
Ван,Институт термотехники Сучжоу
Институт термотехники Сучжоу,
China Tech,
Лю Цзянь,Чайна Хисано
Чайна Хисано,
Википедия: Wika Automation (Сучжоу) Ltd.,
Ляодан,Чайна инжиниринг лимитед
Ли Кэнпинг,Чайна инжиниринг лимитед
Шэньчжэнь,Лемин
Ливанлан,Чайна Хисано
Ли Wendong,Чайна инжиниринг лимитед
China Electric Co. Ltd.,
Lanka Language Computer Limited,
Сун,Чайна инжиниринг лимитед
Средиземноморский институт морского планирования провинции Чжэцзян,
Лемин,
Zong Kong Co.,
Ван Вэй,Чайна инжиниринг лимитед
Cypriped Machine,
Чэнь,Чайна инжиниринг лимитед
"""Цинкусима Тихоокеанская подводная инжиниринг""",
"Партнеры(""Шэньян"")",
"Научно-исследовательский институт гидротехники в Тяньцзине, Министерство транспорта",
Shanghai Electronic Suite,
Р.,Чайна инжиниринг лимитед
Северо-восточная гора,
Сюй,Чайна инжиниринг лимитед
Лю Сяо,Чайна инжиниринг лимитед
ABB ABB,
"Технический центр по изучению Южно-Китайского моря, Национальное управление по вопросам океана",
Перспективная энергетика,
Роливер,Чайна инжиниринг лимитед
Heaven Electric Company,
Организация Объединенных Наций,Чайна инжиниринг лимитед
Jianzsu Electric Company,
зима,Чайна инжиниринг лимитед
Цифровые технологии,
"Китайский энергетический консорциум China Energy Building Group, China Institute of Electrical Design",
"Ядерная компания, яньян",
Great Wall Street Journal,
Национальный центр мониторинга морской среды,
Национальное управление по делам ветеранов,
Shanghai Secure Services Ltd.,
Чен,Чайна инжиниринг лимитед
Лю Ху,Ветроэнергетическая компания Си Цзиньпин
Ветроэнергетическая компания Си Цзиньпин,
Ли Хун,Чайна инжиниринг лимитед
Гуандун,Чайна энтропия
Шэньчжэньский городской совет по исследованию архитектуры,
Желание строить,Чайна инжиниринг лимитед
Siemens Electrical Equipment Ltd.,
Ян,Чайна инжиниринг лимитед
Чайна файл,
Компания с ограниченной ответственностью за проектирование в Янцзей,
"""Инжиниринг Цзянсу Цзинтайн""",
International Electric Co. Ltd.,
"Project ""Янцзы""",
Ян Лун,Янцзян энтерпрайз лимитед
Янцзян энтерпрайз лимитед,
Ningpooxs,
Белый,"Lango County, New Energy Ltd."
"Lango County, New Energy Ltd.",China and China New Energy Sound
Cowa Data Company,
N/A,
Чайна,
China Super Electric Company,
Лю,Чайна инжиниринг лимитед
R.,Чайна инжиниринг лимитед
Инициали «Гуанси Юнчэн»,
郭蔷,China and China New Energy Entertainment
China High Technologies,
Чжао Чжи,Чайна инжиниринг лимитед
Shēnzhèn,
компания с ограниченной ответственностью за строительство в провинции Энго,
"Контролер @guoliangliang (""Чайна Хиросима"")",
Нет,е
е,
Электротехника,
Jiang Jian Jian Jian Jian Lou Song,
Кристалл,Китайская академия ядерных исследований
Инжиниринг Чжэнчжоу,
Sandong Terek Electric Engineering Ltd.,
China and China New Energy Sound,China Hydrographic Office
(Чайна инжиниринг лимитед),Чайна инжиниринг лимитед
ZTE Group,
Лю Рейкси,Чайна Хисано
"Проект: Закупка башни""Ветряная башня"",""Ветерная башня"",""Ветерная башня"",""Ветерная башня"",""Синьхуа"",""Синьцзян""(первый пункт: закупка башняной башни в Северном городе)",
Zong Island,
Китайская компания по производству новых энергетических источников,
Зонги остров,
Белая,Чайна энтропия
Китайская компания по производству новой энергии,итайская компания по производству новой энерги
Deyan,
Jiang Jiang Jiangang Gong,
Ли Вэй,Чайна инжиниринг лимитед
Тайюань,
Чжан Цзяо,Чжунчжун
Чжунчжун,
Китайский институт ядерных исследований,
Ровен,Чайна инжиниринг лимитед
China Construction Ltd.,
лояльность царя,Чайна энтропия
Проект: Первая централизованная закупка новой энергии ветряного производства в Китае в 2021 году (пункт 02),
Deutsche Construction Group,
Гуаньвеньцзе,Чайна энтропия
Сычуань: компания с ограниченной ответственностью за электроснабжение,
компания Синьцзян,
Shanghai Apollo Mechanics,
"Проект 110-километровой электрической установки и монтажа линий электропередачи в рамках проекта 110-кислойной фотоэлектрической электростанции 100 МВт в 3-х районах Китая, Хайси",
ООО,Чайна Хиросима
Вухань - компания с ограниченной ответственностью,
Провинция Джилин,
Цзилинь,Чайна Хиросима
Чайна хами,
Инвесторы: компания с ограниченной ответственностью за проектирование в Янцзе,
Shanghai Stars,
Shanghai Renault,
Joshiba строительная компания,
Nintendo Mechanics,
белый,Chinas New Energy Co. Ltd.
Chinas New Energy Co. Ltd.,
Jiangsu Hong Co.,
Electronics,
Electronics Ltd.,
Китайская гидроэнергетическая компания IV,
Hyundai Engineering Services Ltd,
тишина,"Lango County, New Energy Ltd"
"Lango County, New Energy Ltd",
Swiss Transport Environmental Technology Ltd.,
Сычуань,
Саут-Ветер,
Инжиниринг 2,
Shanghai Atom,
Хуан,Чайна инжиниринг лимитед
Summit New Energy,
Шэньчжэнь Шэньчжэнь,
Shanghai Singles Chart,
Jiangmeral Electric,
Лю Хун,Гирин
Гирин,
Ryfon Electric Engineering Group,
Siemens Electric Company,
SongTek,
"""Гуанси Юнчэн""",
муниципалитет Су Чжунцзи,
Чайна Янь,
Институт проектирования судов Вухань II (Институт 719 China Shipbuilding Group),
ZTE,
Появи,китайская компания по охране окружающей среды
китайская компания по охране окружающей среды,
Тяньцзинь Цзинь,
Lybao Sound Engineering (Шанхай) Ltd.,
Янфи,Чайна инжиниринг лимитед
Lybao Sound Engineering (Shanghai) Ltd.,
Jong Kong New Materials,
Кок,Чайна инжиниринг лимитед
Ведущий @Jiangang Hong Kong,
Первая китайская тяжелая машиностроительная компания,
Лю Чжи,Чайна инжиниринг лимитед
Shanghai Electric Co. Ltd.,
Sredniy Marker,
Li Hun,Чайна инжиниринг лимитед
Shanghai Electric Electronics Television,
Heroon Jiangian строительная компания,
Гуандун АЭС лтд.,
летние моря,Гуандун АЭС лтд.
China Electric Company,
Китайская энергетическая корпорация Юньнань,
Китайская атомная кухня,
Источник: Электроника Ltd,
Покупатель: China New Energy Ships Ltd,Покупатель: China New Energy Ships Lt
Покупатель: China New Energy Ships Lt,
Консорциум: Белый,Чайна инжиниринг лимитед
"Проект""Чжэцзян"", проект 1 и блок 2 LOT120H",
Рязань,Чайна инжиниринг лимитед
Китайский судостроительный институт 718,
Джевтенхуа,Чайна инжиниринг лимитед
Риг,
Лю Гуандун,Чайна инжиниринг лимитед
Grand-Kambo,
Фаньюуго,Чайна инжиниринг лимитед
"Инжиниринг ""Цзянсу""",
Маори,Янцзян энтерпрайз лимитед
Сьюдад энтерпрайз,Чина Хиросима
SandongTai Transformer,
Китайская энергетическая компания Хэйлун,China and China New Energy Sound
2-я ветряная электроэнергия в штате Кангуа,2-я ветряная электроэнергия в штате Кангуа @baishaopen
2-я ветряная электроэнергия в штате Кангуа @baishaopen,
Рейтинг: China Shipping Hong Kong,
Hong Kong,
Hong Kong New Energy Engineering,
Sandong,
Great Airways,
Победитель @Red Flag Co.,
Вайонкон,Чайна инжиниринг лимитед
"Контролер @liuyuxuan (""Китайская энергетическая компания""Хэйлун"")",
Контролер @LiuYuXuan,
Китайская ядерная новая энергетика / Лю Ху,итайская ядерная новая энергетика / Лю Ху @liuyuxua
итайская ядерная новая энергетика / Лю Ху @liuyuxua,
Чайна инжиниринг лимитед / Роливер,Чайна инжиниринг лимитед / Роливер @luolihu
Чайна инжиниринг лимитед / Роливер @luolihu,
Angel Kano Co.,
Партнеры: China's Environmental Systems,
Вуханьхинда,
Нанкинская корпорация по техническому обслуживанию,
садовник,China New Energy Ships Ltd
China New Energy Ships Ltd,
China Automation,
鸿,
Шен,Чайна инжиниринг лимитед
Electrotech,
Харбинская компания с ограниченной ответственностью,
Чина Хиросима,
SandongTek,
Ведущий @SandongTek,
Гуй-Ветер,
Лянанцео Новая энергетическая технология,
компания с ограниченной ответственностью за использование ядерных приборов в горах,
Santone Telecom,
итайская компания по производству новой энерги,
Проект: 8-я ветряная станция B сектора B проекта 200 МВт в Китае,
Анда (@guoqiang-sedc),
Jiangsu Huawei,
郭,Чайна Хиросима
"Проект ""Джилинда""",
"Проект: 100 МВт второго сегмента проекта по подвеске ветряной электростанции""Джилинда""",
Santone Tencent,
"Покупатель (""Дженерал ко."")",
Партнеры: Нанкинская корпорация по техническому обслуживанию,
Jiang Western Dong,
Чжоу Вэй,Чайна инжиниринг лимитед
Садовник,Чайна
Электрическая компания,
Тест,
Владелец: ограниченное акционерное акционерское общество Хэбэй,
Сертификация по тестированию Sussellco,
Рязани,Чайна инжиниринг лимитед
Установка инженера,
Jianzsu Solar Engineering Ltd.,
Белая Японская энергетика,
Изотопные технологии (Гяньян),
Ли Чжи,ЯН)
ЯН),
Investors: Emerson Management (Tianjin) valves,
Huang,China Engineering Limited
China Engineering Limited,
Lewis,China Engineering Limited
ZTE AG,
Организация Объединенных Наций: Джутенхуа,Чайна инжиниринг лимитед
Nanjin Automation,
guoliangliang,Chinas Solar Co.
Chinas Solar Co.,
Контролер: компания с ограниченной ответственностью за проект строительства венского здания в провинции Хэйлунцзян,
Инжиниринг Инжиниринг,
Разработчик: Songsong Automotive,
Контактное лицо: Бытие,Чайна Хиросима
Контактное лицо: Пенсильван,Чайна инжиниринг лимитед
"Anteko Energy Environmental Company, Шэньчжэнь",
Бытие,Чайна Хиросима
Lonk Green Energy,
Чиновник: Цифровая компания Шэньчжэнь,
Jiangsu Slue Electric,
Шанхайская электроэнергетическая компания,
Инвесторы,
Western Dong Telecom,
джентльмен,Чайна хами
Внутренняя Монголия и компания с ограниченной ответственностью,
Партнеры Северо-восточная гора,
Чжан Хуэй,Чайна инжиниринг лимитед
Shanghai Electric Cessbie Atoms Co.,
Angeles Telecom Co. Ltd.,
Гран-Лик тектониз инжиниринг лимитед,
Ляонин Красный Поток,Ляонин красный рух
Ляонин красный рух,
Jiangsu Kong Co. Ltd.,
Ян Хун,Гуандун атомный коммерсант лимитед
Гуандун атомный коммерсант лимитед,
Harbin Electric Power Company,
Организация Объединенных Наций: Тэнхун,Чайна инжиниринг лимитед
Ветроэнергетическая компания,Чайна Хоккай
Чайна Хоккай,
International,
Go,"Ling Atom, Atomic Power Station of Shenzhen Ba"
"Ling Atom, Atomic Power Station of Shenzhen Ba",
China Hydrographic Office,
Зонг Исландия Герои,
Don Hampshire (China) Industrial Company,
Mauli,Чайна инжиниринг лимитед
"Проект: Закупка трех башен""Цзянси""",
Приглашение:Чжоу Янь,Чжоу Янь
Чжоу Янь,
Агент по торгам:Чайна инжиниринг лимитед,Чайна инжиниринг лимитед
"Шэньчжэньская компания ""Шэньчжэн""",
"Zong County, Zong",
Сюй Юй,екин) новая энергетическая технология
екин) новая энергетическая технология,
Компания с ограниченной ответственностью за новые источники энергии в Пхеньяне,Ведущий
Ведущий,
НИТА)Новая энергетика,
Hongkong Huawei,
Чейнджонминг,Чайна инжиниринг лимитед
Ликсианпин,Чайна инжиниринг лимитед
Китайская первая тяжёлая машиностроительная компания,
Маули,Чайна инжиниринг лимитед
Китайский институт дизайна юго-западной съемки,
Ли Чуань,Чайна инк.
Чайна инк.,
Китайская ядерная промышленность 23 строительства,
Хан не смеется,Чайна инжиниринг лимитед
Partners: Tyzing Electronics Ltd. and Tyzing Smart Sun Technologies Ltd.,
Sandong-Tek Electric,
Guangzing Horry Electric,
Китайский судостроительный завод,
Китайская электростроительная группа China Television Institute,
Halbin Cooperate Company,
Лиу Яцзяо,Чайна инжиниринг лимитед
Люис,Чайна инжиниринг лимитед
Nanjing Control System,
Atomic Electric (Jianan),
Шанхайская электростанция,
МОК,Чайна инжиниринг лимитед
Ли Кэнпин,Чайна инжиниринг лимитед
Zong Island Heroes,
China Institute of Materials,
"""Квантун""",
Чайна инк. (ранее известная как Чайна инжиниринг компани),
Организация Объединения Наций,Чайна инжиниринг лимитед
Организация Объединяющая нацию: Джутенхуа,Чайна инжиниринг лимитед
Jiangsu Sun,
Консорциум Shanghai Electric Co. Ltd. и Shanghai First Company Ltd.,
Hong Kong Company,
Хинли инжинириING инжинириING,
Чайна инжинириING лимиTEД,Чайна инжинириING liMIteD
Чайна инжинириING liMIteD,
Китайское агентство гидроэнергетики,
Меч,Чайна инжиниринг лимитед
Знание,Чайна инжиниринг лимитед
Hyong Building Engineering Ltd.,
China Union Information Technology,
Китайская энергетическая корпорация Цзянсу,
Чжан Инсен,Чайна Хиросима
Фуджянинд энтерпрайз лимитед,
Нанкин - компания по автоматизации электрооборудования,
Дюйфу,Чайна инжиниринг лимитед
Китайское управление гидроэнергетики,
меч,Чайна инжиниринг лимитед
Трейлеры: Taiwan 5 Gold,
Чжоу Чжи,Чайна инжиниринг лимитед
1998 - 1999 годы,
Гуанси Юнчэн,
Сунь Юйшань,Чайна инжиниринг лимитед
Теффи: Технологии автоматизации (Пекин),
Шэньчжэнь сайофи,
вибрация,Чайна инжиниринг лимитед
Разработчик - Shanghai Daily Water Technologies,
Консорциум: Ли Кэнпинг,Чайна инжиниринг лимитед
Китайская шанхайская корпорация ядерных технологий,
Jiangsu Heroon,
Чжáо Чжи,Чайна инжиниринг лимитед
Среднеморская климатцентр провинции Шаньдун,
Консорциум: Рязанский круг,ланчаб)
ланчаб),
China Southern,
до Сюйчан,Чайна инжиниринг лимитед
Иньцзиньсистеменайтэлайюндун,
Great Sot Company,
"Инжиниринг""Ханнан зеленых""",
"""Инжиниринг"" Гуанси Юнчэн",
Чайна и Китай,
айна Хиросим,
"Инспекции: Институт электромобиля, Китай",
"Консалтинговая фирма ""Телекоммуникационное планирование"", Гуандун",
Шотландия,компания с ограниченной ответственностью за управление ядерной энергетикой в Большом заливе
компания с ограниченной ответственностью за управление ядерной энергетикой в Большом заливе,
Авангард,Янцзян энтерпрайз лимитед
"Инжиниринг, провинция Фуцзянь",
Санси юнион,
Liaoning Red Stream,
Фен Цзянг,Ляонин Красный Поток
Ханна,Чайна инжиниринг лимитед
"Средний маркер: провинция Цзянсу, например, компания с высоким давлением",
Лиян,Чайна хами
Crysco Energy,
Синьцзян Цзянсу,
Сертификат металлургии,
Jiangian Huawei Engineering Consultants Ltd.,
Фудзианг Шиппинг Компани,
China and China (Пекин),екин)
екин),
Jiangsu Hong Kong,
Контактное лицо @renheng (China and China (Пекин)),екин)
Агент по торгам @zhoujianjun (Чайна инжиниринг лимитед),Чайна инжиниринг лимитед
Контролер @GuanDu,
Инжиниринг моста в Нинде,
Не будь мостом,Фуджянинд энтерпрайз лимитед
Шэньчжэньский залив,Чайна инжиниринг лимитед
Китай: Китайская энергетическая группа Чжэцзян,
Китайская энергетическая компания Синий флаг,
"Cansda Automotive Technology, Шэньчжэнь",
Джей,Китайская академия ядерных исследований
Lakenan Newpa Technologies,
Ли Вендонг,Чайна инжиниринг лимитед
Разработчик,
Ван Шоран,Chinas Chinas huaning
Chinas Chinas huaning,
Yelcomenda,
Фудзифильм,
Hongangda Transformation,
Ningbo,
Songang Song Corporation,
Чень Сонг,Чайна инжиниринг лимитед
Jiangang Zong,
Иностранный проект по испытанию качества строительных работ в автономном районе Гуанси-Шань,
-,
,
ИНЖИНИРИНГ ГИРИНСОН,
Синьхуа (УНИТА) @p177459 (Синьхуа (УНИТА)),НИТА
НИТА,
Чайна инжиниринг лимитед @lhyts (Чайна инжиниринг лимитед),Чайна инжиниринг лимитед
Пекинский институт космической инженерии,
Liaoning Crimson Stream,
Jiangang Hong Kong,
Zong Kong,
Hylando Tech,
"Консалтинговая фирма ""Хуанхэ""",
Хинси Порт оф энтерпрайз,Хинси Порт оф эн터прайз
Хинси Порт оф эн터прайз,
Европа,Чайна инжиниринг лимитед
China 5,
Лю Сяокин,Чайна инжиниринг лимитед
China Nuclear Industry 23 Building,
S&T,
Jiangian Elip,
Jianzsu Sea Power Vehicle,
Хуан Сяодон,Чайна инжиниринг лимитед
Grand-Land,
Хуан Вэй,Чайна инк.
Beijing Soun Technologies,
лейтенант Ян,Чайна инжиниринг лимитед
В Шэньчжэнь,
Вухань Цзюань,
Е.,Чайна инжиниринг лимитед
New Star Technology,
Nanking Sea Electronic Technology Ltd.,
Ван Сяо,Институт термотехники Сучжоу
Вэй,Чайна инжиниринг лимитед
Промышленная пожарная компания Сеян,
Китайско-китайский акционерный капитал,
Чайна атомная электроника,
China Southern Research Institute,
Pengxiongbing,Chaina Injiniring Limitied
Chaina Injiniring Limitied,
Shanghai Automation,
Shanghai Cyon Co. Ltd.,
Лю Яцяо,Чайна инжиниринг лимитед
Фуджо,
любовь,Синьхуа
Hong Kong Huawei Technologies,
Китайская инженерно-строительная компания,
Компания: Hong Kong New Energy Engineering,
Лю Бохуа,Чайна инжиниринг лимитед
China Culifornia,
Китай: Шанхайская корпорация ядерных технологий,
Harbin Electric Company,
Очистка,Шанхайская компания Синьхуа
Шанхайская компания Синьхуа,
Шанхайская компания по производству насосов (Группа),
Angeles Engineering Procurement,
"Проект ""Инжиниринг 1"" проекта ""Чжэцзян"" (пункт I)",
Lanka Language Computer Computer,
Китай: China Foreign Transport,
Организация Объединения Наций: Джутенхуа,Чайна инжиниринг лимитед
Открыть карточку,
Мудрый,Китайская академия ядерных исследований
China Electrical Group Co.,
Институт теплотехники Сучжоу,
Hong Kong Kong,
Ветроэнергетическая компания Чжэцзян,Ветроэнергетическая компания Чжэцзян @guoqiang-sed
Ветроэнергетическая компания Чжэцзян @guoqiang-sed,
Саут Тунг,
АТР,
Китайский институт радиационной защиты,
Чжэн,Чайна инжиниринг лимитед
Чунцинский университет,
"Китайская электростроительная группа Китайский институт южного топографического дизайна, компания China Energy Construction Institute Ltd.",
