"Шаньдун, Китай"
"Хуанъюань, округ Уидон, штат Вайтун"
Цзяннань
"Гуандун, город Уиттон, штат Уичжоу, район Порт-Уидун"
"Тибетский автономный район, район Али, округ Планд"
"Гуандун, Чжэцзян, Шаньдун"
"Гуандун, город Янцзы"
"Гуандун, Китай"
"Нинде, провинция Фуцзянь"
Провинция Фуцзянь
Шаньдун
"провинция Гуандун, Цзянцзян, восточное Пинанге"
Chžcžan
Guangdong
"префектура Сычуань, муниципалитет Чжоучжоу, префектура Гуань"
"Гуандун, порты Хиросимы IIPA и PB"
"Гуйчжоу, автономный округ Минамбуйи, Гуйтинг, Китай"
"Китайская Народная Республика, Хубэй, Чун, округ Вэньчуань"
"префектура Сычуань, муниципалитет Гуаньюань, округ Шин"
"Хунань, муниципалитет Чжоу"
"Гуандун, Чжэцзян и Фуцзянь"
"Гуандун, Юго-Восточное Прибрежье"
"провинция Чжэцзян, муниципалитет Каньшань, округ Чжоу"
"Далянь, Ляонин"
"Чжуншань, провинция Гуандун"
Ляонин
"Автономный район Гуанси-Шань, Китайская Народная Республика"
район Порт-о-де-Гонконг
провинция Фуцзянь
"База в заливе Гранд-Авто, Шэньчжэнь"
провинция Гуандун
Автономный район Гуанси-Шань; город Порт-о-де-Морт; муниципальный округ;
провинция Шаньдун
Гуандун; город Уичжоу; округ Уидон
"автономный округ Чусун, округ Юньнань"
провинция Чжэцзян
"Шанхай, район Чжуцзы"
"Аньхой, округ Тяньаньмэнь, Китай"
"Ляонин, Далянь, Вау"
"Юньнань, город Юйцзи, округ Яньцзян-хани"
"Тибетский автономный район, район Али, округ Тир"
"Янцзы, провинция Гуандун"
"Ляонин, Китай"
Китайская Народная Республика
"Китайская территория, район Тайпинс-2"
"Шэньчжэнь, Гуандун, Китай"
"Тибетский автономный район Хайси-Монголия, город Герму"
"Тибетский автономный район Хайси-Монголия, муниципалитет Деринха, провинция Цинхай"
Порт-оф-Си
материк Китая
Юго-запад города Кананг в провинции Ганьсу
"префектура Аньхой, муниципалитет Тяньаньмэнь"
Гуандун
"Гуандун, Чжэцзян"
Гуандун/Янцзя
"Чжэцзян, Шаньдун"
"Шэньчжэнь, провинция Гуандун"
"Синьцзян-Уйгурский автономный округ Та-Сити, округ Торри"
"провинция Гуандун, муниципалитет Чхун; муниципалитет Сухоу"
Чжэцзян
"Гуандун, город Уйдун, район портовый"
"Китай, Пекин"
"Фуцзянь, Хубэй, округ Чун"
Гуанси-Шань
"Аньхой, муниципалитет Тяньаньмэнь"
"Автономный район Гуанси-Маньчжур, муниципалитет Чжунцзян, южный порт"
Пекин
"Фуцзянь, Гуанси"
"Синьцзян-Уйгурский автономный район и Тэгу, округ Лоуп"
"Фуцзянь, муниципалитет Нинде, Фуку"
"Синьцзян-Уйгурский автономный округ, Баян-Монгольский автономный округ, Жуан"
Материк Китай
"Фуцзянь, Гуандун, Чжэцзян, Шаньдун"
"Далянь, Вау, Красная река"
провинция Цзянсу; муниципалитет Су; округ Гусу
"Фуцзянь, Гуандун"
"Shēngzhèn, Guǎndūn, China"
Провинция Шаньдун
"провинция Шаньдун, муниципалитет Тайбэя, село"
"провинция Хубэй, в коммуне Дуби, префектура,Вэньчуаньи Дупи"
"Фуцзянь, КНР"
"Джилин, Белый город, Гранд-Ан, округ Лоуп"
"Янцзы, провинция Гуандун, Китай"
"Хиросима, Япония"
"Гуандунцзян, Китай"
"Город Хоанг, округ Уидон, провинция Гуандун, в северо-западном направлении от штата Вио"
"Китай, Цзянсу, Аньхой, Ганьсу, Нинься, Цзюси, Хубэй, Шанха́й, Чунцин, Сычуа́н, Тибе́т, Цинха́й, Гуáндун, Хайна́нь, Гуйчуáо, Джили́н, Фудзя́нь, Цзянxí, Хуна́нь, Хэбэй, Пеки́н, Тяньцзи́нь"
"Синьцзян-Уйгурский автономный район, Алтайский район, Гимуна"
"провинция Цзянсу, муниципалитет Су, округ Гусу"
"БЗ Фуцзянь, AD Гуандун, CS浙цзян"
"китайская провинция Хубэй, округ Чун, в коммуне Дуби, префектуре Вэньчуань и Дупи"
"Автономный район Гуанси-Шань, муниципалитет Хэбэй, муниципалитет"
Фуцзянь и Гуандун
"провинция Цинхай, тибетский автономный район Хайси-Монголия, муниципалитет Деринха"
Шэньчжэнь
Фуцзянь; Гуандун
"Сычуань, муниципалитет Гуаньюань, округ Шин"
"China, Shandong Province"
"провинция Цзянсу, город Су"
"Guangdong, Yangjiang, Yandong District"
"Цзиньцзян, округ Цинго, провинция Хэйлунцзян"
"Чунцин, округ Чунцин"
"префектура Чусунь, провинция Юньнань, Китай"
"China, Hubei Province, Chongqing District, Wuhan Prefecture, Wan County, Dujiang Village, Dupu Township, Wenchuan, Tianmen Mountain, Dujiang Village, Dujiang Village, Guizhou, Xiaogan County, Xiaolan Town, Wannan, Wufeng County, Hainan Island, Huaxi Town, Yuzhong, Shazixi County, Shennongjia Forestry Bureau, Yibin City, Mianyang City, Wulong County, Emeishan Mountains, Chengdu Plateau, Yaan Prefecture, Ziyang City, Luzhi County, Qionglai County, Nanchong City, Deyang City, Meishan County, Bazhong City, Neijiang City, Leshan City, Suining City, Mianyang City, Pengshou County, Pengshui County, Wushan County, Liangping County, Jintao County, Guangan City, Wudang Shan County, Shizhu County, Daying County, Guangyuan City, Anzhong County, Maoxian County, Yibin City, Longquanyi County, Baoxi County, Beibei District, Yibin City, Pengshan County, Yibin City, Guangnan County, Guoyu County, Zigong City, Zhangjiashan County, Zitong County, Mianyang City, Qingchuan County, Meishan City, Guanghan City, Xikou County, Jinniu County, Yiliang County, Ziyang City, Mianyang City, Qu County, Zigong City, Meishan City, Guangan City, Wenxien County, Wuhou District, Guanghan City, Xuy"
"провинция Юньнань, город Юйцзи, округ Яньцзян-хани"
"Фуцзянь, округ Чун"
Тайбэй провинции Шаньдун
"Пекин, Тойота"
"Цюй, муниципалитет Юньнань, Китай"
"Немонгольский автономный район, УНИТА, правый флаг Корнея"
"Вэньчжоу, Чжэцзян"
"провинция Хубэй, Хуангань округ Чун"
"Автономный район Гуанси-Шань, муниципалитет Чинбэя"
Shēnxīng
"Гуандун, Чжуншань, провинция Гуандун"
"Шаньдун, КНR"
Гонконгский автономный округ
"Гуандун, Шэньчжэнь"
"район Гранд-Ан, провинция Гиллинг, Китай"
Автономный район Гуанси-Шань
"Шаньдун, округ Хуанъюань, Вайтун"
"Гран-Ан, провинция Джилин"
"автономный округ Минамбуйи, Гуйтинг, Китай"
"город Нинде, Фуцзянь"
"Гуандун, Янцзян"
"округ Ваннань, провинция Чжэцзян"
"Джаба, Большой залив"
Chžc Žhan
"Гуандун, провинция Гуандун, район Гуандун"
"Чунцин, Чунцин, Китай"
"Немонгольский автономный округ, Силинголерский союз, Сирингхот"
Автономный район Гуанси-Шанг
"Порт-о-Пренсе, Китай"
"Гуанси, Гуандун, Чжэцзян"
"Пекин, Китай"
"префектура Юньнань, чусуньский автономный округ, префектура Осаки"
Гуанси
"Гонконгский автономный округ, Порт-о-Пренсе"
"Гуандун, Хуанъюань, округ Уидон, штат Вайтун"
"Китайская Народная Республика, Гуанчжоу, Лутэнь, городской округ, Шаньси"
"Китайский регион Гуйлин, округ Чун, город Хуэйхун, префектура Вэньчуань, Дупи, коммуна Дуби"
"китайская провинция Хубэй, район около горы Тяньмэнь"
"Хиросима, округ Хуанган, Хубэй"
"Фуцзянь, муниципалитет Сэнди, округ Энрики"
Район Чжэцзян
"провинция Гуандун, муниципалитет Ташань"
"Гуандун, округ Уидон, город Хунцзе"
"Гуанси-Шанг, город Порт-оф-Си, оборонный округ"
"Синьцзян-Уйгурский автономный район и Тэгу, округ Лоупу"
Фуцзянь
"провинция Джилин, Белый город, Гранд-Ан"
"Янцзы, Гуандун, Китай"
Гуандун/город Цзянмен/Тайшань
"Гуандун, Янцзян, округ Яндон"
"Синьцзян-Уйгурский автономный район, Та-Сити, округ Торри"
"Гуандун, муниципалитет Уитон"
"Хэйлунцзян, муниципалитет Хэйэя, 5 крупных городов"
